[
  {
    "key": "ineraNationellKundservice",
    "url": "https://www.inera.se/felanmalan",
    "text": "Ineras kundservice.",
    "target": "_blank"
  },
  {
    "key": "ineraNationellKundserviceFelanmalan",
    "url": "http://www.inera.se/felanmalan",
    "text": "Kontaktinformation till Ineras kundservice (extern länk)",
    "target": "_blank"
  },
  {
    "key": "ptsCookies",
    "url": "http://www.pts.se/sv/Bransch/Regler/Lagar/Lag-om-elektronisk-kommunikation/Cookies-kakor/",
    "text": "Mer om kakor (cookies) på Post- och telestyrelsens webbplats",
    "target": "_blank"
  },
  {
    "key": "ptsCookiesBanner",
    "url": "https://www.pts.se/sv/Privat/Internet/Skydd-av-uppgifter/Fragor-och-svar-om-kakor-for-anvandare1/",
    "text": "Post- och telestyrelsens webbplats",
    "target": "_blank"
  },
  {
    "key": "ptsCookiesModal",
    "url": "https://www.pts.se/sv/Privat/Internet/Skydd-av-uppgifter/Fragor-och-svar-om-kakor-for-anvandare1/",
    "text": "Kommunikationsmyndigheten PTS sida om kakor",
    "target": "_blank"
  },
  {
    "key": "ineraMainPage",
    "url": "https://www.inera.se",
    "text": "www.inera.se",
    "target": "_blank"
  },
  {
    "key": "ineraKundservicekontakt",
    "url": "https://www.inera.se/kundservice/kontakta-oss/",
    "text": "Hjälp och support",
    "target": "_blank"
  },
  {
    "key": "ineraFelanmalanFormular",
    "url": "https://www.inera.se/kundservice/formular/felanmalan-och-support/formular-for-felanmalan-och-support/",
    "text": "Ineras nationella kundservice",
    "target": "_blank"
  },
  {
    "key": "eleg",
    "url": "https://www.bankid.com",
    "text": "www.e-legitimation.se",
    "target": "_blank"
  },
  {
    "key": "elegTesta",
    "url": "https://eid.primeportal.com/EID/Pages/Testa-e-legitimation.aspx",
    "text": "Läs om tekniska krav och testa din e-legitimation",
    "target": "_blank"
  },
  {
    "key": "elegCGI",
    "url": "https://eid.primeportal.com/EID/Pages/Testa-e-legitimation.aspx",
    "text": "Läs mer om tekniska krav på CGI:s hemsida",
    "target": "_blank"
  }
]
